PaymentID,BookingID,AmountPaid,PaymentMode,PaymentDate
1,1,23148.00,UPI,2025-06-30 22:46:39.837
2,2,24534.00,Credit Card,2025-06-30 22:46:39.837
3,3,16057.00,Cash,2025-06-30 22:46:39.837
4,4,15377.00,UPI,2025-06-30 22:46:39.837
5,5,18063.00,Net Banking,2025-06-30 22:46:39.837
6,6,20681.00,Cash,2025-06-30 22:46:39.837
7,7,13385.00,Credit Card,2025-06-30 22:46:39.837
8,8,17745.00,Cash,2025-06-30 22:46:39.837
9,9,26629.00,Cash,2025-06-30 22:46:39.837
10,10,14603.00,Cash,2025-06-30 22:46:39.837
11,11,12750.00,Credit Card,2025-06-30 22:46:39.837
12,12,29731.00,UPI,2025-06-30 22:46:39.837
13,13,23102.00,UPI,2025-06-30 22:46:39.837
14,14,21619.00,UPI,2025-06-30 22:46:39.837
15,15,16312.00,Cash,2025-06-30 22:46:39.837
16,16,29681.00,Net Banking,2025-06-30 22:46:39.837
17,17,17866.00,UPI,2025-06-30 22:46:39.837
18,18,24757.00,Cash,2025-06-30 22:46:39.837
19,19,24922.00,Net Banking,2025-06-30 22:46:39.837
20,20,25008.00,UPI,2025-06-30 22:46:39.837
21,21,10093.00,Net Banking,2025-06-30 22:46:39.837
22,22,24923.00,Credit Card,2025-06-30 22:46:39.837
23,23,13042.00,UPI,2025-06-30 22:46:39.837
24,24,12179.00,Cash,2025-06-30 22:46:39.837
25,25,22901.00,Cash,2025-06-30 22:46:39.837
26,26,21554.00,Cash,2025-06-30 22:46:39.837
27,27,21329.00,Cash,2025-06-30 22:46:39.837
28,28,16781.00,Cash,2025-06-30 22:46:39.837
29,29,20863.00,Cash,2025-06-30 22:46:39.837
30,30,11803.00,Credit Card,2025-06-30 22:46:39.837
31,31,22028.00,Cash,2025-06-30 22:46:39.837
32,32,28033.00,Cash,2025-06-30 22:46:39.837
33,33,19172.00,Cash,2025-06-30 22:46:39.837
34,34,21752.00,Cash,2025-06-30 22:46:39.837
35,35,22200.00,Cash,2025-06-30 22:46:39.837
36,36,25224.00,Credit Card,2025-06-30 22:46:39.837
37,37,13497.00,Net Banking,2025-06-30 22:46:39.837
38,38,27626.00,UPI,2025-06-30 22:46:39.837
39,39,25044.00,Net Banking,2025-06-30 22:46:39.837
40,40,18963.00,Cash,2025-06-30 22:46:39.837
41,41,23393.00,UPI,2025-06-30 22:46:39.837
42,42,22639.00,Cash,2025-06-30 22:46:39.837
43,43,28434.00,UPI,2025-06-30 22:46:39.837
44,44,26597.00,UPI,2025-06-30 22:46:39.837
45,45,14017.00,UPI,2025-06-30 22:46:39.837
46,46,13020.00,Net Banking,2025-06-30 22:46:39.837
47,47,11249.00,Cash,2025-06-30 22:46:39.837
48,48,13998.00,UPI,2025-06-30 22:46:39.837
49,49,20494.00,UPI,2025-06-30 22:46:39.837
50,50,11223.00,Cash,2025-06-30 22:46:39.837
51,51,11257.00,Cash,2025-06-30 22:46:39.837
52,52,25102.00,Net Banking,2025-06-30 22:46:39.837
53,53,28914.00,Cash,2025-06-30 22:46:39.837
54,54,18434.00,Cash,2025-06-30 22:46:39.837
55,55,14079.00,Cash,2025-06-30 22:46:39.837
56,56,15362.00,Credit Card,2025-06-30 22:46:39.837
57,57,29381.00,Credit Card,2025-06-30 22:46:39.837
58,58,17532.00,Credit Card,2025-06-30 22:46:39.837
59,59,13252.00,Cash,2025-06-30 22:46:39.837
60,60,21745.00,UPI,2025-06-30 22:46:39.837
61,61,13013.00,Cash,2025-06-30 22:46:39.837
62,62,18016.00,Credit Card,2025-06-30 22:46:39.837
63,63,28018.00,Cash,2025-06-30 22:46:39.837
64,64,27008.00,UPI,2025-06-30 22:46:39.837
65,65,21241.00,Cash,2025-06-30 22:46:39.837
66,66,11530.00,Cash,2025-06-30 22:46:39.837
67,67,12050.00,Cash,2025-06-30 22:46:39.837
68,68,20553.00,Cash,2025-06-30 22:46:39.837
69,69,20885.00,Credit Card,2025-06-30 22:46:39.837
70,70,23436.00,Credit Card,2025-06-30 22:46:39.837
71,71,16771.00,Credit Card,2025-06-30 22:46:39.837
72,72,26156.00,UPI,2025-06-30 22:46:39.837
73,73,17573.00,UPI,2025-06-30 22:46:39.837
74,74,16192.00,Credit Card,2025-06-30 22:46:39.837
75,75,20533.00,Credit Card,2025-06-30 22:46:39.837
76,76,28175.00,Cash,2025-06-30 22:46:39.837
77,77,21787.00,Cash,2025-06-30 22:46:39.837
78,78,24745.00,UPI,2025-06-30 22:46:39.837
79,79,22176.00,Net Banking,2025-06-30 22:46:39.837
80,80,20762.00,Cash,2025-06-30 22:46:39.837
81,81,16113.00,UPI,2025-06-30 22:46:39.837
82,82,12396.00,Net Banking,2025-06-30 22:46:39.837
83,83,18065.00,Cash,2025-06-30 22:46:39.837
84,84,13346.00,Credit Card,2025-06-30 22:46:39.837
85,85,28308.00,Cash,2025-06-30 22:46:39.837
86,86,15360.00,UPI,2025-06-30 22:46:39.837
87,87,19536.00,Cash,2025-06-30 22:46:39.837
88,88,24571.00,Cash,2025-06-30 22:46:39.837
89,89,13292.00,Cash,2025-06-30 22:46:39.837
90,90,26331.00,Credit Card,2025-06-30 22:46:39.837
91,91,27769.00,Cash,2025-06-30 22:46:39.837
92,92,14283.00,Cash,2025-06-30 22:46:39.837
93,93,17735.00,Credit Card,2025-06-30 22:46:39.837
94,94,27077.00,Credit Card,2025-06-30 22:46:39.837
95,95,19985.00,UPI,2025-06-30 22:46:39.837
96,96,17217.00,Cash,2025-06-30 22:46:39.837
97,97,17945.00,Credit Card,2025-06-30 22:46:39.837
98,98,15437.00,Cash,2025-06-30 22:46:39.837
99,99,26706.00,Cash,2025-06-30 22:46:39.837
100,100,12246.00,Cash,2025-06-30 22:46:39.837
101,101,16851.00,Cash,2025-06-30 22:46:39.837
102,102,18329.00,Cash,2025-06-30 22:46:39.837
103,103,27647.00,UPI,2025-06-30 22:46:39.837
104,104,22180.00,Cash,2025-06-30 22:46:39.837
105,105,23681.00,Cash,2025-06-30 22:46:39.837
106,106,27833.00,Cash,2025-06-30 22:46:39.837
107,107,10182.00,Cash,2025-06-30 22:46:39.837
108,108,26311.00,Cash,2025-06-30 22:46:39.837
109,109,26665.00,Net Banking,2025-06-30 22:46:39.837
110,110,24029.00,Credit Card,2025-06-30 22:46:39.837
111,111,25709.00,Cash,2025-06-30 22:46:39.837
112,112,24633.00,UPI,2025-06-30 22:46:39.837
113,113,26399.00,Credit Card,2025-06-30 22:46:39.837
114,114,21001.00,UPI,2025-06-30 22:46:39.837
115,115,14708.00,Credit Card,2025-06-30 22:46:39.837
116,116,28878.00,Net Banking,2025-06-30 22:46:39.837
117,117,19355.00,Cash,2025-06-30 22:46:39.837
118,118,22088.00,Cash,2025-06-30 22:46:39.837
119,119,16800.00,Credit Card,2025-06-30 22:46:39.837
120,120,19883.00,Cash,2025-06-30 22:46:39.837
121,121,11701.00,UPI,2025-06-30 22:46:39.837
122,122,17625.00,Credit Card,2025-06-30 22:46:39.837
123,123,22783.00,Cash,2025-06-30 22:46:39.837
124,124,23853.00,Credit Card,2025-06-30 22:46:39.837
125,125,10536.00,Cash,2025-06-30 22:46:39.837
126,126,27631.00,Net Banking,2025-06-30 22:46:39.837
127,127,24180.00,Cash,2025-06-30 22:46:39.837
128,128,15608.00,Net Banking,2025-06-30 22:46:39.837
129,129,14579.00,Cash,2025-06-30 22:46:39.837
130,130,26892.00,UPI,2025-06-30 22:46:39.837
131,131,18697.00,Cash,2025-06-30 22:46:39.837
132,132,25203.00,Net Banking,2025-06-30 22:46:39.837
133,133,29551.00,Cash,2025-06-30 22:46:39.837
134,134,26849.00,UPI,2025-06-30 22:46:39.837
135,135,25981.00,Cash,2025-06-30 22:46:39.837
136,136,27058.00,Credit Card,2025-06-30 22:46:39.837
137,137,19617.00,Credit Card,2025-06-30 22:46:39.837
138,138,20664.00,Cash,2025-06-30 22:46:39.837
139,139,19061.00,Cash,2025-06-30 22:46:39.837
140,140,16987.00,UPI,2025-06-30 22:46:39.837
141,141,17948.00,UPI,2025-06-30 22:46:39.837
142,142,14605.00,Credit Card,2025-06-30 22:46:39.837
143,143,12858.00,Cash,2025-06-30 22:46:39.837
144,144,18341.00,Credit Card,2025-06-30 22:46:39.837
145,145,16726.00,Net Banking,2025-06-30 22:46:39.837
146,146,20414.00,UPI,2025-06-30 22:46:39.837
147,147,28383.00,UPI,2025-06-30 22:46:39.837
148,148,10562.00,Credit Card,2025-06-30 22:46:39.837
149,149,17760.00,Credit Card,2025-06-30 22:46:39.837
150,150,13012.00,UPI,2025-06-30 22:46:39.837
151,151,10240.00,UPI,2025-06-30 22:46:39.837
152,152,27691.00,UPI,2025-06-30 22:46:39.837
153,153,16964.00,UPI,2025-06-30 22:46:39.837
154,154,26780.00,Cash,2025-06-30 22:46:39.837
155,155,18602.00,Credit Card,2025-06-30 22:46:39.837
156,156,17252.00,Cash,2025-06-30 22:46:39.837
157,157,14134.00,UPI,2025-06-30 22:46:39.837
158,158,12309.00,Net Banking,2025-06-30 22:46:39.837
159,159,23604.00,Credit Card,2025-06-30 22:46:39.837
160,160,11067.00,Credit Card,2025-06-30 22:46:39.837
161,161,20420.00,Credit Card,2025-06-30 22:46:39.837
162,162,27604.00,Cash,2025-06-30 22:46:39.837
163,163,27639.00,Net Banking,2025-06-30 22:46:39.837
164,164,21981.00,UPI,2025-06-30 22:46:39.837
165,165,25863.00,Cash,2025-06-30 22:46:39.837
166,166,21798.00,Credit Card,2025-06-30 22:46:39.837
167,167,12520.00,Cash,2025-06-30 22:46:39.837
168,168,24030.00,UPI,2025-06-30 22:46:39.837
169,169,21268.00,Cash,2025-06-30 22:46:39.837
170,170,27078.00,Cash,2025-06-30 22:46:39.837
171,171,12012.00,Credit Card,2025-06-30 22:46:39.837
172,172,25535.00,UPI,2025-06-30 22:46:39.837
173,173,10446.00,UPI,2025-06-30 22:46:39.837
174,174,19533.00,UPI,2025-06-30 22:46:39.837
175,175,26957.00,Cash,2025-06-30 22:46:39.837
176,176,14130.00,Cash,2025-06-30 22:46:39.837
177,177,13133.00,Net Banking,2025-06-30 22:46:39.837
178,178,11444.00,UPI,2025-06-30 22:46:39.837
179,179,18246.00,UPI,2025-06-30 22:46:39.837
180,180,22140.00,Cash,2025-06-30 22:46:39.837
181,181,14327.00,Cash,2025-06-30 22:46:39.837
182,182,14535.00,Credit Card,2025-06-30 22:46:39.837
183,183,22244.00,Cash,2025-06-30 22:46:39.837
184,184,14033.00,UPI,2025-06-30 22:46:39.837
185,185,15157.00,Cash,2025-06-30 22:46:39.837
186,186,17357.00,Credit Card,2025-06-30 22:46:39.837
187,187,11883.00,UPI,2025-06-30 22:46:39.837
188,188,19794.00,UPI,2025-06-30 22:46:39.837
189,189,24569.00,Credit Card,2025-06-30 22:46:39.837
190,190,27480.00,Credit Card,2025-06-30 22:46:39.837
191,191,16236.00,UPI,2025-06-30 22:46:39.837
192,192,18270.00,Cash,2025-06-30 22:46:39.837
193,193,20691.00,Credit Card,2025-06-30 22:46:39.837
194,194,26307.00,Net Banking,2025-06-30 22:46:39.837
195,195,17470.00,Cash,2025-06-30 22:46:39.837
196,196,21148.00,Credit Card,2025-06-30 22:46:39.837
197,197,24571.00,Credit Card,2025-06-30 22:46:39.837
198,198,25372.00,Net Banking,2025-06-30 22:46:39.837
199,199,25091.00,Net Banking,2025-06-30 22:46:39.837
200,200,18287.00,UPI,2025-06-30 22:46:39.837
201,201,19124.00,UPI,2025-06-30 22:46:39.837
202,202,15734.00,Net Banking,2025-06-30 22:46:39.837
203,203,10769.00,Cash,2025-06-30 22:46:39.837
204,204,20249.00,Credit Card,2025-06-30 22:46:39.837
205,205,19631.00,Cash,2025-06-30 22:46:39.837
206,206,12007.00,Cash,2025-06-30 22:46:39.837
207,207,20812.00,Cash,2025-06-30 22:46:39.837
208,208,10613.00,Cash,2025-06-30 22:46:39.837
209,209,13203.00,UPI,2025-06-30 22:46:39.837
210,210,24060.00,Cash,2025-06-30 22:46:39.837
211,211,20958.00,Net Banking,2025-06-30 22:46:39.837
212,212,20011.00,Net Banking,2025-06-30 22:46:39.837
213,213,23029.00,Cash,2025-06-30 22:46:39.837
214,214,10190.00,Net Banking,2025-06-30 22:46:39.837
215,215,19541.00,Cash,2025-06-30 22:46:39.837
216,216,23160.00,UPI,2025-06-30 22:46:39.837
217,217,12286.00,Cash,2025-06-30 22:46:39.837
218,218,12236.00,Credit Card,2025-06-30 22:46:39.837
219,219,13631.00,UPI,2025-06-30 22:46:39.837
220,220,28573.00,Credit Card,2025-06-30 22:46:39.837
221,221,23848.00,Credit Card,2025-06-30 22:46:39.837
222,222,24151.00,Cash,2025-06-30 22:46:39.837
223,223,29715.00,Credit Card,2025-06-30 22:46:39.837
224,224,18016.00,Cash,2025-06-30 22:46:39.837
225,225,27776.00,Cash,2025-06-30 22:46:39.837
226,226,17510.00,Credit Card,2025-06-30 22:46:39.837
227,227,16787.00,Cash,2025-06-30 22:46:39.837
228,228,18345.00,Credit Card,2025-06-30 22:46:39.837
229,229,15361.00,Credit Card,2025-06-30 22:46:39.837
230,230,20596.00,Cash,2025-06-30 22:46:39.837
231,231,25797.00,Net Banking,2025-06-30 22:46:39.837
232,232,11220.00,Cash,2025-06-30 22:46:39.837
233,233,26759.00,Net Banking,2025-06-30 22:46:39.837
234,234,13458.00,Cash,2025-06-30 22:46:39.837
235,235,19671.00,Net Banking,2025-06-30 22:46:39.837
236,236,21255.00,Cash,2025-06-30 22:46:39.837
237,237,20902.00,Net Banking,2025-06-30 22:46:39.837
238,238,26209.00,Cash,2025-06-30 22:46:39.837
239,239,27841.00,Net Banking,2025-06-30 22:46:39.837
240,240,13999.00,Cash,2025-06-30 22:46:39.837
241,241,13483.00,Credit Card,2025-06-30 22:46:39.837
242,242,11607.00,Credit Card,2025-06-30 22:46:39.837
243,243,25994.00,UPI,2025-06-30 22:46:39.837
244,244,26101.00,UPI,2025-06-30 22:46:39.837
245,245,23475.00,Cash,2025-06-30 22:46:39.837
246,246,10278.00,Cash,2025-06-30 22:46:39.837
247,247,29661.00,Cash,2025-06-30 22:46:39.837
248,248,16710.00,Cash,2025-06-30 22:46:39.837
249,249,20992.00,Cash,2025-06-30 22:46:39.837
250,250,18611.00,Credit Card,2025-06-30 22:46:39.837
251,251,14595.00,Cash,2025-06-30 22:46:39.837
252,252,28204.00,UPI,2025-06-30 22:46:39.837
253,253,19543.00,Net Banking,2025-06-30 22:46:39.837
254,254,22448.00,UPI,2025-06-30 22:46:39.837
255,255,14713.00,Net Banking,2025-06-30 22:46:39.837
256,256,23468.00,UPI,2025-06-30 22:46:39.837
257,257,19722.00,Credit Card,2025-06-30 22:46:39.837
258,258,11031.00,Credit Card,2025-06-30 22:46:39.837
259,259,23398.00,UPI,2025-06-30 22:46:39.837
260,260,17774.00,Cash,2025-06-30 22:46:39.837
261,261,29570.00,Cash,2025-06-30 22:46:39.837
262,262,21828.00,Net Banking,2025-06-30 22:46:39.837
263,263,19972.00,Cash,2025-06-30 22:46:39.837
264,264,18680.00,Credit Card,2025-06-30 22:46:39.837
265,265,12887.00,Cash,2025-06-30 22:46:39.837
266,266,23986.00,Cash,2025-06-30 22:46:39.837
267,267,17063.00,Credit Card,2025-06-30 22:46:39.837
268,268,24837.00,Credit Card,2025-06-30 22:46:39.837
269,269,17660.00,Cash,2025-06-30 22:46:39.837
270,270,23698.00,UPI,2025-06-30 22:46:39.837
271,271,26119.00,Cash,2025-06-30 22:46:39.837
272,272,11600.00,UPI,2025-06-30 22:46:39.837
273,273,27430.00,Cash,2025-06-30 22:46:39.837
274,274,24016.00,Cash,2025-06-30 22:46:39.837
275,275,14831.00,Cash,2025-06-30 22:46:39.837
276,276,18586.00,Credit Card,2025-06-30 22:46:39.837
277,277,22742.00,Net Banking,2025-06-30 22:46:39.837
278,278,19741.00,Cash,2025-06-30 22:46:39.837
279,279,14605.00,Credit Card,2025-06-30 22:46:39.837
280,280,15620.00,Cash,2025-06-30 22:46:39.837
281,281,13311.00,Cash,2025-06-30 22:46:39.837
282,282,24320.00,Net Banking,2025-06-30 22:46:39.837
283,283,14338.00,Cash,2025-06-30 22:46:39.837
284,284,21556.00,Cash,2025-06-30 22:46:39.837
285,285,21953.00,UPI,2025-06-30 22:46:39.837
286,286,10615.00,Credit Card,2025-06-30 22:46:39.837
287,287,11714.00,Cash,2025-06-30 22:46:39.837
288,288,13698.00,UPI,2025-06-30 22:46:39.837
289,289,25797.00,UPI,2025-06-30 22:46:39.837
290,290,13329.00,Credit Card,2025-06-30 22:46:39.837
291,291,15081.00,Cash,2025-06-30 22:46:39.837
292,292,26385.00,Cash,2025-06-30 22:46:39.837
293,293,25693.00,Cash,2025-06-30 22:46:39.837
294,294,29034.00,Cash,2025-06-30 22:46:39.837
295,295,15200.00,Cash,2025-06-30 22:46:39.837
296,296,24455.00,Credit Card,2025-06-30 22:46:39.837
297,297,22372.00,Cash,2025-06-30 22:46:39.837
298,298,15806.00,Credit Card,2025-06-30 22:46:39.837
299,299,27920.00,Cash,2025-06-30 22:46:39.837
300,300,14474.00,Cash,2025-06-30 22:46:39.837
301,301,29964.00,Cash,2025-06-30 22:46:39.837
302,302,10711.00,Credit Card,2025-06-30 22:46:39.837
303,303,10882.00,Net Banking,2025-06-30 22:46:39.837
304,304,14472.00,Cash,2025-06-30 22:46:39.837
305,305,22362.00,Cash,2025-06-30 22:46:39.837
306,306,13451.00,UPI,2025-06-30 22:46:39.837
307,307,10282.00,Credit Card,2025-06-30 22:46:39.837
308,308,24264.00,UPI,2025-06-30 22:46:39.837
309,309,26346.00,Net Banking,2025-06-30 22:46:39.837
310,310,13436.00,Cash,2025-06-30 22:46:39.837
311,311,18099.00,Cash,2025-06-30 22:46:39.837
312,312,11932.00,UPI,2025-06-30 22:46:39.837
313,313,25722.00,Net Banking,2025-06-30 22:46:39.837
314,314,10734.00,Cash,2025-06-30 22:46:39.837
315,315,24144.00,Credit Card,2025-06-30 22:46:39.837
316,316,11782.00,Cash,2025-06-30 22:46:39.837
317,317,23477.00,Cash,2025-06-30 22:46:39.837
318,318,17219.00,Cash,2025-06-30 22:46:39.837
319,319,29221.00,UPI,2025-06-30 22:46:39.837
320,320,21693.00,Cash,2025-06-30 22:46:39.837
321,321,17031.00,Cash,2025-06-30 22:46:39.837
322,322,26233.00,Cash,2025-06-30 22:46:39.837
323,323,22842.00,Cash,2025-06-30 22:46:39.837
324,324,13279.00,UPI,2025-06-30 22:46:39.837
325,325,23628.00,Credit Card,2025-06-30 22:46:39.837
326,326,12562.00,Cash,2025-06-30 22:46:39.837
327,327,10337.00,Cash,2025-06-30 22:46:39.837
328,328,28323.00,Cash,2025-06-30 22:46:39.837
329,329,28698.00,Cash,2025-06-30 22:46:39.837
330,330,21385.00,Cash,2025-06-30 22:46:39.837
331,331,20448.00,Net Banking,2025-06-30 22:46:39.837
332,332,22745.00,UPI,2025-06-30 22:46:39.837
333,333,21817.00,Cash,2025-06-30 22:46:39.837
334,334,13340.00,Cash,2025-06-30 22:46:39.837
335,335,13525.00,UPI,2025-06-30 22:46:39.837
336,336,11284.00,Net Banking,2025-06-30 22:46:39.837
337,337,21847.00,Cash,2025-06-30 22:46:39.837
338,338,28319.00,Net Banking,2025-06-30 22:46:39.837
339,339,13531.00,Cash,2025-06-30 22:46:39.837
340,340,23919.00,Cash,2025-06-30 22:46:39.837
341,341,18254.00,Cash,2025-06-30 22:46:39.837
342,342,20460.00,Net Banking,2025-06-30 22:46:39.837
343,343,11157.00,Cash,2025-06-30 22:46:39.837
344,344,14899.00,Credit Card,2025-06-30 22:46:39.837
345,345,16235.00,Cash,2025-06-30 22:46:39.837
346,346,21488.00,Net Banking,2025-06-30 22:46:39.837
347,347,24157.00,UPI,2025-06-30 22:46:39.837
348,348,17506.00,Credit Card,2025-06-30 22:46:39.837
349,349,12315.00,Cash,2025-06-30 22:46:39.837
350,350,28048.00,Cash,2025-06-30 22:46:39.837
351,351,26670.00,Net Banking,2025-06-30 22:46:39.837
352,352,24187.00,Cash,2025-06-30 22:46:39.837
353,353,24995.00,Credit Card,2025-06-30 22:46:39.837
354,354,21639.00,Credit Card,2025-06-30 22:46:39.837
355,355,14436.00,Cash,2025-06-30 22:46:39.837
356,356,21409.00,Cash,2025-06-30 22:46:39.837
357,357,21382.00,Cash,2025-06-30 22:46:39.837
358,358,13022.00,Cash,2025-06-30 22:46:39.837
359,359,11698.00,Credit Card,2025-06-30 22:46:39.837
360,360,15264.00,UPI,2025-06-30 22:46:39.837
361,361,19334.00,Net Banking,2025-06-30 22:46:39.837
362,362,21740.00,Credit Card,2025-06-30 22:46:39.837
363,363,18790.00,Cash,2025-06-30 22:46:39.837
364,364,28968.00,Cash,2025-06-30 22:46:39.837
365,365,22713.00,UPI,2025-06-30 22:46:39.837
366,366,11748.00,Net Banking,2025-06-30 22:46:39.837
367,367,18088.00,Credit Card,2025-06-30 22:46:39.837
368,368,12613.00,Net Banking,2025-06-30 22:46:39.837
369,369,14311.00,Cash,2025-06-30 22:46:39.837
370,370,19578.00,UPI,2025-06-30 22:46:39.837
371,371,13999.00,Net Banking,2025-06-30 22:46:39.837
372,372,20949.00,Net Banking,2025-06-30 22:46:39.837
373,373,17739.00,Cash,2025-06-30 22:46:39.837
374,374,26790.00,Cash,2025-06-30 22:46:39.837
375,375,27072.00,Net Banking,2025-06-30 22:46:39.837
376,376,16974.00,Credit Card,2025-06-30 22:46:39.837
377,377,11927.00,Cash,2025-06-30 22:46:39.837
378,378,13287.00,UPI,2025-06-30 22:46:39.837
379,379,14174.00,Credit Card,2025-06-30 22:46:39.837
380,380,12165.00,Cash,2025-06-30 22:46:39.837
381,381,27475.00,Cash,2025-06-30 22:46:39.837
382,382,26111.00,Credit Card,2025-06-30 22:46:39.837
383,383,16381.00,Cash,2025-06-30 22:46:39.837
384,384,25508.00,Credit Card,2025-06-30 22:46:39.837
385,385,29355.00,Cash,2025-06-30 22:46:39.837
386,386,28130.00,UPI,2025-06-30 22:46:39.837
387,387,27415.00,UPI,2025-06-30 22:46:39.837
388,388,29977.00,UPI,2025-06-30 22:46:39.837
389,389,11447.00,Cash,2025-06-30 22:46:39.837
390,390,15155.00,Credit Card,2025-06-30 22:46:39.837
391,391,23784.00,UPI,2025-06-30 22:46:39.837
392,392,28554.00,UPI,2025-06-30 22:46:39.837
393,393,15392.00,UPI,2025-06-30 22:46:39.837
394,394,14556.00,Net Banking,2025-06-30 22:46:39.837
395,395,12942.00,Cash,2025-06-30 22:46:39.837
396,396,24824.00,Net Banking,2025-06-30 22:46:39.837
397,397,17028.00,Net Banking,2025-06-30 22:46:39.837
398,398,18001.00,Cash,2025-06-30 22:46:39.837
399,399,11470.00,Cash,2025-06-30 22:46:39.837
400,400,17243.00,Net Banking,2025-06-30 22:46:39.837
401,401,24712.00,Cash,2025-06-30 22:46:39.837
402,402,18880.00,Cash,2025-06-30 22:46:39.837
403,403,20905.00,UPI,2025-06-30 22:46:39.837
404,404,18866.00,UPI,2025-06-30 22:46:39.837
405,405,24996.00,Credit Card,2025-06-30 22:46:39.837
406,406,16071.00,UPI,2025-06-30 22:46:39.837
407,407,27001.00,Net Banking,2025-06-30 22:46:39.837
408,408,11355.00,Cash,2025-06-30 22:46:39.837
409,409,10642.00,Cash,2025-06-30 22:46:39.837
410,410,28179.00,Credit Card,2025-06-30 22:46:39.837
411,411,14718.00,Credit Card,2025-06-30 22:46:39.837
412,412,22205.00,Credit Card,2025-06-30 22:46:39.837
413,413,20729.00,Net Banking,2025-06-30 22:46:39.837
414,414,29492.00,Credit Card,2025-06-30 22:46:39.837
415,415,29185.00,UPI,2025-06-30 22:46:39.837
416,416,13234.00,Cash,2025-06-30 22:46:39.837
417,417,12722.00,Net Banking,2025-06-30 22:46:39.837
418,418,25873.00,Credit Card,2025-06-30 22:46:39.837
419,419,13790.00,Net Banking,2025-06-30 22:46:39.837
420,420,22524.00,Credit Card,2025-06-30 22:46:39.837
421,421,22220.00,Credit Card,2025-06-30 22:46:39.837
422,422,10963.00,UPI,2025-06-30 22:46:39.837
423,423,20108.00,Net Banking,2025-06-30 22:46:39.837
424,424,20143.00,Cash,2025-06-30 22:46:39.837
425,425,10759.00,Cash,2025-06-30 22:46:39.837
426,426,10832.00,UPI,2025-06-30 22:46:39.837
427,427,24514.00,Credit Card,2025-06-30 22:46:39.837
428,428,28143.00,Net Banking,2025-06-30 22:46:39.837
429,429,10973.00,Cash,2025-06-30 22:46:39.837
430,430,27515.00,Cash,2025-06-30 22:46:39.837
431,431,16611.00,Cash,2025-06-30 22:46:39.837
432,432,10012.00,Net Banking,2025-06-30 22:46:39.837
433,433,19066.00,UPI,2025-06-30 22:46:39.837
434,434,23905.00,Cash,2025-06-30 22:46:39.837
435,435,14942.00,Credit Card,2025-06-30 22:46:39.837
436,436,22976.00,Credit Card,2025-06-30 22:46:39.837
437,437,22432.00,Net Banking,2025-06-30 22:46:39.837
438,438,17350.00,UPI,2025-06-30 22:46:39.837
439,439,23896.00,Cash,2025-06-30 22:46:39.837
440,440,10298.00,UPI,2025-06-30 22:46:39.837
441,441,14756.00,Net Banking,2025-06-30 22:46:39.837
442,442,23265.00,Cash,2025-06-30 22:46:39.837
443,443,23416.00,Net Banking,2025-06-30 22:46:39.837
444,444,25359.00,Cash,2025-06-30 22:46:39.837
445,445,26400.00,UPI,2025-06-30 22:46:39.837
446,446,29593.00,Cash,2025-06-30 22:46:39.837
447,447,26580.00,UPI,2025-06-30 22:46:39.837
448,448,28709.00,Cash,2025-06-30 22:46:39.837
449,449,24910.00,Cash,2025-06-30 22:46:39.837
450,450,15632.00,UPI,2025-06-30 22:46:39.837
451,451,16536.00,Net Banking,2025-06-30 22:46:39.837
452,452,25452.00,UPI,2025-06-30 22:46:39.837
453,453,28640.00,UPI,2025-06-30 22:46:39.837
454,454,26941.00,Cash,2025-06-30 22:46:39.837
455,455,12820.00,UPI,2025-06-30 22:46:39.837
456,456,29991.00,Net Banking,2025-06-30 22:46:39.837
457,457,16932.00,Net Banking,2025-06-30 22:46:39.837
458,458,16418.00,Cash,2025-06-30 22:46:39.837
459,459,12675.00,Cash,2025-06-30 22:46:39.837
460,460,14282.00,Cash,2025-06-30 22:46:39.837
461,461,29273.00,Cash,2025-06-30 22:46:39.837
462,462,24017.00,Cash,2025-06-30 22:46:39.837
463,463,24223.00,Cash,2025-06-30 22:46:39.837
464,464,17520.00,UPI,2025-06-30 22:46:39.837
465,465,11666.00,Cash,2025-06-30 22:46:39.837
466,466,20954.00,Cash,2025-06-30 22:46:39.837
467,467,22452.00,Net Banking,2025-06-30 22:46:39.837
468,468,25819.00,UPI,2025-06-30 22:46:39.837
469,469,17549.00,Cash,2025-06-30 22:46:39.837
470,470,10980.00,Net Banking,2025-06-30 22:46:39.837
471,471,22430.00,Cash,2025-06-30 22:46:39.837
472,472,13507.00,Net Banking,2025-06-30 22:46:39.837
473,473,15110.00,UPI,2025-06-30 22:46:39.837
474,474,16063.00,UPI,2025-06-30 22:46:39.837
475,475,18495.00,Cash,2025-06-30 22:46:39.837
476,476,26239.00,Credit Card,2025-06-30 22:46:39.837
477,477,29078.00,Cash,2025-06-30 22:46:39.837
478,478,12919.00,Cash,2025-06-30 22:46:39.837
479,479,24256.00,Credit Card,2025-06-30 22:46:39.837
480,480,19735.00,UPI,2025-06-30 22:46:39.837
481,481,14496.00,Credit Card,2025-06-30 22:46:39.837
482,482,23941.00,Cash,2025-06-30 22:46:39.837
483,483,13160.00,Cash,2025-06-30 22:46:39.837
484,484,24547.00,Net Banking,2025-06-30 22:46:39.837
485,485,26807.00,Credit Card,2025-06-30 22:46:39.837
486,486,17612.00,UPI,2025-06-30 22:46:39.837
487,487,23281.00,UPI,2025-06-30 22:46:39.837
488,488,25161.00,Credit Card,2025-06-30 22:46:39.837
489,489,15785.00,Cash,2025-06-30 22:46:39.837
490,490,20872.00,Credit Card,2025-06-30 22:46:39.837
491,491,27673.00,Credit Card,2025-06-30 22:46:39.837
492,492,11712.00,Net Banking,2025-06-30 22:46:39.837
493,493,20246.00,Cash,2025-06-30 22:46:39.837
494,494,14654.00,Cash,2025-06-30 22:46:39.837
495,495,17853.00,Cash,2025-06-30 22:46:39.837
496,496,21322.00,Cash,2025-06-30 22:46:39.837
497,497,12309.00,UPI,2025-06-30 22:46:39.837
498,498,25550.00,Cash,2025-06-30 22:46:39.837
499,499,26324.00,Cash,2025-06-30 22:46:39.837
500,500,11851.00,Net Banking,2025-06-30 22:46:39.837
501,501,19285.00,Cash,2025-06-30 22:46:39.837
502,502,21876.00,Cash,2025-06-30 22:46:39.837
503,503,16289.00,UPI,2025-06-30 22:46:39.837
504,504,20146.00,UPI,2025-06-30 22:46:39.837
505,505,27833.00,UPI,2025-06-30 22:46:39.837
506,506,27987.00,UPI,2025-06-30 22:46:39.837
507,507,23955.00,Credit Card,2025-06-30 22:46:39.837
508,508,23729.00,UPI,2025-06-30 22:46:39.837
509,509,10716.00,Cash,2025-06-30 22:46:39.837
510,510,10419.00,UPI,2025-06-30 22:46:39.837
511,511,29476.00,Credit Card,2025-06-30 22:46:39.837
512,512,15128.00,UPI,2025-06-30 22:46:39.837
513,513,25172.00,Net Banking,2025-06-30 22:46:39.837
514,514,12841.00,Cash,2025-06-30 22:46:39.837
515,515,25373.00,UPI,2025-06-30 22:46:39.837
516,516,17747.00,UPI,2025-06-30 22:46:39.837
517,517,23345.00,Cash,2025-06-30 22:46:39.837
518,518,10361.00,Credit Card,2025-06-30 22:46:39.837
519,519,25676.00,Cash,2025-06-30 22:46:39.837
520,520,10406.00,UPI,2025-06-30 22:46:39.837
521,521,20239.00,Cash,2025-06-30 22:46:39.837
522,522,29294.00,UPI,2025-06-30 22:46:39.837
523,523,14491.00,UPI,2025-06-30 22:46:39.837
524,524,21713.00,Cash,2025-06-30 22:46:39.837
525,525,11750.00,Credit Card,2025-06-30 22:46:39.837
526,526,26854.00,UPI,2025-06-30 22:46:39.837
527,527,29806.00,UPI,2025-06-30 22:46:39.837
528,528,27907.00,Credit Card,2025-06-30 22:46:39.837
529,529,23914.00,Credit Card,2025-06-30 22:46:39.837
530,530,29443.00,UPI,2025-06-30 22:46:39.837
531,531,12525.00,UPI,2025-06-30 22:46:39.837
532,532,23480.00,Cash,2025-06-30 22:46:39.837
533,533,27853.00,UPI,2025-06-30 22:46:39.837
534,534,19306.00,Cash,2025-06-30 22:46:39.837
535,535,19393.00,Cash,2025-06-30 22:46:39.837
536,536,21645.00,UPI,2025-06-30 22:46:39.837
537,537,20845.00,Credit Card,2025-06-30 22:46:39.837
538,538,15841.00,UPI,2025-06-30 22:46:39.837
539,539,27156.00,Credit Card,2025-06-30 22:46:39.837
540,540,23486.00,Net Banking,2025-06-30 22:46:39.837
541,541,13021.00,Cash,2025-06-30 22:46:39.837
542,542,11719.00,Cash,2025-06-30 22:46:39.837
543,543,11170.00,Cash,2025-06-30 22:46:39.837
544,544,26854.00,Net Banking,2025-06-30 22:46:39.837
545,545,20125.00,UPI,2025-06-30 22:46:39.837
546,546,28571.00,Cash,2025-06-30 22:46:39.837
547,547,12587.00,Cash,2025-06-30 22:46:39.837
548,548,19670.00,Cash,2025-06-30 22:46:39.837
549,549,23695.00,Credit Card,2025-06-30 22:46:39.837
550,550,17814.00,Cash,2025-06-30 22:46:39.837
551,551,14345.00,Cash,2025-06-30 22:46:39.837
552,552,21608.00,Cash,2025-06-30 22:46:39.837
553,553,25158.00,Credit Card,2025-06-30 22:46:39.837
554,554,27157.00,UPI,2025-06-30 22:46:39.837
555,555,18697.00,UPI,2025-06-30 22:46:39.837
556,556,18462.00,Net Banking,2025-06-30 22:46:39.837
557,557,16206.00,Credit Card,2025-06-30 22:46:39.837
558,558,22349.00,UPI,2025-06-30 22:46:39.837
559,559,23368.00,Cash,2025-06-30 22:46:39.837
560,560,19511.00,Credit Card,2025-06-30 22:46:39.837
561,561,27113.00,Cash,2025-06-30 22:46:39.837
562,562,14575.00,Cash,2025-06-30 22:46:39.837
563,563,10670.00,UPI,2025-06-30 22:46:39.837
564,564,14195.00,Cash,2025-06-30 22:46:39.837
565,565,28446.00,Credit Card,2025-06-30 22:46:39.837
566,566,22660.00,Cash,2025-06-30 22:46:39.837
567,567,13971.00,Net Banking,2025-06-30 22:46:39.837
568,568,23432.00,Credit Card,2025-06-30 22:46:39.837
569,569,21301.00,Cash,2025-06-30 22:46:39.837
570,570,27324.00,Cash,2025-06-30 22:46:39.837
571,571,22777.00,Credit Card,2025-06-30 22:46:39.837
572,572,20198.00,Net Banking,2025-06-30 22:46:39.837
573,573,26132.00,Credit Card,2025-06-30 22:46:39.837
574,574,14186.00,Cash,2025-06-30 22:46:39.837
575,575,17272.00,Cash,2025-06-30 22:46:39.837
576,576,26255.00,Cash,2025-06-30 22:46:39.837
577,577,11958.00,Net Banking,2025-06-30 22:46:39.837
578,578,13754.00,Credit Card,2025-06-30 22:46:39.837
579,579,28783.00,UPI,2025-06-30 22:46:39.837
580,580,16294.00,UPI,2025-06-30 22:46:39.837
581,581,28617.00,UPI,2025-06-30 22:46:39.837
582,582,26293.00,Credit Card,2025-06-30 22:46:39.837
583,583,26229.00,Credit Card,2025-06-30 22:46:39.837
584,584,25459.00,Net Banking,2025-06-30 22:46:39.837
585,585,27498.00,Credit Card,2025-06-30 22:46:39.837
586,586,18900.00,Net Banking,2025-06-30 22:46:39.837
587,587,18232.00,UPI,2025-06-30 22:46:39.837
588,588,15716.00,Cash,2025-06-30 22:46:39.837
589,589,23192.00,UPI,2025-06-30 22:46:39.837
590,590,27379.00,Cash,2025-06-30 22:46:39.837
591,591,20936.00,UPI,2025-06-30 22:46:39.837
592,592,26374.00,Cash,2025-06-30 22:46:39.837
593,593,16810.00,Cash,2025-06-30 22:46:39.837
594,594,22460.00,UPI,2025-06-30 22:46:39.837
595,595,19530.00,Cash,2025-06-30 22:46:39.837
596,596,11846.00,UPI,2025-06-30 22:46:39.837
597,597,21584.00,Cash,2025-06-30 22:46:39.837
598,598,12067.00,UPI,2025-06-30 22:46:39.837
599,599,12469.00,Net Banking,2025-06-30 22:46:39.837
600,600,16102.00,Cash,2025-06-30 22:46:39.837
601,601,17812.00,Credit Card,2025-06-30 22:46:39.837
602,602,16585.00,Credit Card,2025-06-30 22:46:39.837
603,603,22942.00,Cash,2025-06-30 22:46:39.837
604,604,21206.00,Cash,2025-06-30 22:46:39.837
605,605,23662.00,Cash,2025-06-30 22:46:39.837
606,606,10160.00,Net Banking,2025-06-30 22:46:39.837
607,607,25902.00,UPI,2025-06-30 22:46:39.837
608,608,20265.00,Cash,2025-06-30 22:46:39.837
609,609,18804.00,Cash,2025-06-30 22:46:39.837
610,610,21705.00,Credit Card,2025-06-30 22:46:39.837
611,611,12294.00,Credit Card,2025-06-30 22:46:39.837
612,612,20081.00,UPI,2025-06-30 22:46:39.837
613,613,14573.00,Cash,2025-06-30 22:46:39.837
614,614,18579.00,UPI,2025-06-30 22:46:39.837
615,615,29221.00,Cash,2025-06-30 22:46:39.837
616,616,18672.00,Net Banking,2025-06-30 22:46:39.837
617,617,24794.00,UPI,2025-06-30 22:46:39.837
618,618,19509.00,Cash,2025-06-30 22:46:39.837
619,619,18231.00,Cash,2025-06-30 22:46:39.837
620,620,16954.00,Cash,2025-06-30 22:46:39.837
621,621,15399.00,Credit Card,2025-06-30 22:46:39.837
622,622,20949.00,Net Banking,2025-06-30 22:46:39.837
623,623,11608.00,Cash,2025-06-30 22:46:39.837
624,624,22241.00,Cash,2025-06-30 22:46:39.837
625,625,13454.00,Credit Card,2025-06-30 22:46:39.837
626,626,22381.00,Cash,2025-06-30 22:46:39.837
627,627,24629.00,UPI,2025-06-30 22:46:39.837
628,628,24331.00,Cash,2025-06-30 22:46:39.837
629,629,12233.00,Credit Card,2025-06-30 22:46:39.837
630,630,10105.00,UPI,2025-06-30 22:46:39.837
631,631,18745.00,Cash,2025-06-30 22:46:39.837
632,632,18116.00,UPI,2025-06-30 22:46:39.837
633,633,24272.00,Credit Card,2025-06-30 22:46:39.837
634,634,23229.00,Cash,2025-06-30 22:46:39.837
635,635,21025.00,Cash,2025-06-30 22:46:39.837
636,636,22069.00,Cash,2025-06-30 22:46:39.837
637,637,11383.00,Cash,2025-06-30 22:46:39.837
638,638,27895.00,Net Banking,2025-06-30 22:46:39.837
639,639,23726.00,Cash,2025-06-30 22:46:39.837
640,640,19829.00,Cash,2025-06-30 22:46:39.837
641,641,18236.00,UPI,2025-06-30 22:46:39.837
642,642,20085.00,Cash,2025-06-30 22:46:39.837
643,643,25297.00,Net Banking,2025-06-30 22:46:39.837
644,644,27359.00,Cash,2025-06-30 22:46:39.837
645,645,25105.00,Credit Card,2025-06-30 22:46:39.837
646,646,16892.00,Credit Card,2025-06-30 22:46:39.837
647,647,27611.00,Cash,2025-06-30 22:46:39.837
648,648,24211.00,UPI,2025-06-30 22:46:39.837
649,649,28971.00,Net Banking,2025-06-30 22:46:39.837
650,650,22232.00,Cash,2025-06-30 22:46:39.837
651,651,25493.00,Cash,2025-06-30 22:46:39.837
652,652,19822.00,Cash,2025-06-30 22:46:39.837
653,653,25810.00,Cash,2025-06-30 22:46:39.837
654,654,10654.00,Credit Card,2025-06-30 22:46:39.837
655,655,14818.00,Cash,2025-06-30 22:46:39.837
656,656,13878.00,Cash,2025-06-30 22:46:39.837
657,657,11586.00,Cash,2025-06-30 22:46:39.837
658,658,10325.00,Cash,2025-06-30 22:46:39.837
659,659,23245.00,Net Banking,2025-06-30 22:46:39.837
660,660,21351.00,Cash,2025-06-30 22:46:39.837
661,661,29503.00,UPI,2025-06-30 22:46:39.837
662,662,27731.00,Cash,2025-06-30 22:46:39.837
663,663,22008.00,Credit Card,2025-06-30 22:46:39.837
664,664,21116.00,Cash,2025-06-30 22:46:39.837
665,665,24663.00,UPI,2025-06-30 22:46:39.837
666,666,22134.00,Credit Card,2025-06-30 22:46:39.837
667,667,12239.00,Net Banking,2025-06-30 22:46:39.837
668,668,10422.00,Net Banking,2025-06-30 22:46:39.837
669,669,18505.00,Credit Card,2025-06-30 22:46:39.837
670,670,14792.00,Credit Card,2025-06-30 22:46:39.837
671,671,10651.00,Credit Card,2025-06-30 22:46:39.837
672,672,21310.00,Cash,2025-06-30 22:46:39.837
673,673,15465.00,Cash,2025-06-30 22:46:39.837
674,674,24172.00,Cash,2025-06-30 22:46:39.837
675,675,12519.00,UPI,2025-06-30 22:46:39.837
676,676,14712.00,Credit Card,2025-06-30 22:46:39.837
677,677,16073.00,UPI,2025-06-30 22:46:39.837
678,678,27278.00,Net Banking,2025-06-30 22:46:39.837
679,679,15757.00,Net Banking,2025-06-30 22:46:39.837
680,680,29375.00,Cash,2025-06-30 22:46:39.837
681,681,20759.00,Credit Card,2025-06-30 22:46:39.837
682,682,26432.00,Net Banking,2025-06-30 22:46:39.837
683,683,15864.00,UPI,2025-06-30 22:46:39.837
684,684,17380.00,Credit Card,2025-06-30 22:46:39.837
685,685,25328.00,Credit Card,2025-06-30 22:46:39.837
686,686,25819.00,Cash,2025-06-30 22:46:39.837
687,687,10277.00,Cash,2025-06-30 22:46:39.837
688,688,24486.00,Net Banking,2025-06-30 22:46:39.837
689,689,17487.00,Cash,2025-06-30 22:46:39.837
690,690,18809.00,Cash,2025-06-30 22:46:39.837
691,691,25720.00,UPI,2025-06-30 22:46:39.837
692,692,19909.00,UPI,2025-06-30 22:46:39.837
693,693,26851.00,Cash,2025-06-30 22:46:39.837
694,694,29191.00,Cash,2025-06-30 22:46:39.837
695,695,21505.00,UPI,2025-06-30 22:46:39.837
696,696,25296.00,Cash,2025-06-30 22:46:39.837
697,697,15360.00,Cash,2025-06-30 22:46:39.837
698,698,12621.00,UPI,2025-06-30 22:46:39.837
699,699,25942.00,Credit Card,2025-06-30 22:46:39.837
700,700,18683.00,UPI,2025-06-30 22:46:39.837
701,701,26682.00,Cash,2025-06-30 22:46:39.837
702,702,10980.00,UPI,2025-06-30 22:46:39.837
703,703,14269.00,UPI,2025-06-30 22:46:39.837
704,704,23706.00,Cash,2025-06-30 22:46:39.837
705,705,24174.00,Cash,2025-06-30 22:46:39.837
706,706,17508.00,Cash,2025-06-30 22:46:39.837
707,707,15800.00,Credit Card,2025-06-30 22:46:39.837
708,708,15184.00,Net Banking,2025-06-30 22:46:39.837
709,709,28107.00,UPI,2025-06-30 22:46:39.837
710,710,12132.00,Net Banking,2025-06-30 22:46:39.837
711,711,15487.00,Net Banking,2025-06-30 22:46:39.837
712,712,19537.00,Cash,2025-06-30 22:46:39.837
713,713,13462.00,Credit Card,2025-06-30 22:46:39.837
714,714,16505.00,Net Banking,2025-06-30 22:46:39.837
715,715,20497.00,Cash,2025-06-30 22:46:39.837
716,716,17947.00,Cash,2025-06-30 22:46:39.837
717,717,28313.00,Cash,2025-06-30 22:46:39.837
718,718,26317.00,Cash,2025-06-30 22:46:39.837
719,719,13675.00,Net Banking,2025-06-30 22:46:39.837
720,720,24551.00,Credit Card,2025-06-30 22:46:39.837
721,721,16489.00,Net Banking,2025-06-30 22:46:39.837
722,722,24144.00,Net Banking,2025-06-30 22:46:39.837
723,723,23099.00,Net Banking,2025-06-30 22:46:39.837
724,724,14803.00,UPI,2025-06-30 22:46:39.837
725,725,14030.00,UPI,2025-06-30 22:46:39.837
726,726,10728.00,Net Banking,2025-06-30 22:46:39.837
727,727,16725.00,Cash,2025-06-30 22:46:39.837
728,728,18444.00,UPI,2025-06-30 22:46:39.837
729,729,19436.00,Net Banking,2025-06-30 22:46:39.837
730,730,29664.00,Credit Card,2025-06-30 22:46:39.837
731,731,10813.00,Net Banking,2025-06-30 22:46:39.837
732,732,16394.00,Net Banking,2025-06-30 22:46:39.837
733,733,18965.00,Cash,2025-06-30 22:46:39.837
734,734,13512.00,Net Banking,2025-06-30 22:46:39.837
735,735,16066.00,UPI,2025-06-30 22:46:39.837
736,736,18855.00,Cash,2025-06-30 22:46:39.837
737,737,20668.00,Cash,2025-06-30 22:46:39.837
738,738,24223.00,Credit Card,2025-06-30 22:46:39.837
739,739,10350.00,Cash,2025-06-30 22:46:39.837
740,740,11270.00,Cash,2025-06-30 22:46:39.837
741,741,11220.00,Cash,2025-06-30 22:46:39.837
742,742,14317.00,Cash,2025-06-30 22:46:39.837
743,743,20637.00,UPI,2025-06-30 22:46:39.837
744,744,14842.00,Net Banking,2025-06-30 22:46:39.837
745,745,29109.00,Credit Card,2025-06-30 22:46:39.837
746,746,11345.00,UPI,2025-06-30 22:46:39.837
747,747,26207.00,Cash,2025-06-30 22:46:39.837
748,748,20996.00,Cash,2025-06-30 22:46:39.837
749,749,12267.00,Cash,2025-06-30 22:46:39.837
750,750,26761.00,Cash,2025-06-30 22:46:39.837
751,751,21861.00,Credit Card,2025-06-30 22:46:39.837
752,752,20190.00,UPI,2025-06-30 22:46:39.837
753,753,24199.00,Cash,2025-06-30 22:46:39.837
754,754,25916.00,UPI,2025-06-30 22:46:39.837
755,755,20002.00,UPI,2025-06-30 22:46:39.837
756,756,20863.00,Credit Card,2025-06-30 22:46:39.837
757,757,13080.00,Cash,2025-06-30 22:46:39.837
758,758,14817.00,Cash,2025-06-30 22:46:39.837
759,759,12539.00,Cash,2025-06-30 22:46:39.837
760,760,24671.00,Cash,2025-06-30 22:46:39.837
761,761,25504.00,Credit Card,2025-06-30 22:46:39.837
762,762,14873.00,Cash,2025-06-30 22:46:39.837
763,763,13573.00,UPI,2025-06-30 22:46:39.837
764,764,12702.00,UPI,2025-06-30 22:46:39.837
765,765,20580.00,UPI,2025-06-30 22:46:39.837
766,766,13999.00,Cash,2025-06-30 22:46:39.837
767,767,10286.00,Credit Card,2025-06-30 22:46:39.837
768,768,19801.00,UPI,2025-06-30 22:46:39.837
769,769,10285.00,Net Banking,2025-06-30 22:46:39.837
770,770,18587.00,Cash,2025-06-30 22:46:39.837
771,771,18123.00,UPI,2025-06-30 22:46:39.837
772,772,11980.00,Cash,2025-06-30 22:46:39.837
773,773,17646.00,Cash,2025-06-30 22:46:39.837
774,774,21033.00,Net Banking,2025-06-30 22:46:39.837
775,775,20436.00,Cash,2025-06-30 22:46:39.837
776,776,17053.00,UPI,2025-06-30 22:46:39.837
777,777,23549.00,Cash,2025-06-30 22:46:39.837
778,778,28065.00,Net Banking,2025-06-30 22:46:39.837
779,779,19546.00,Cash,2025-06-30 22:46:39.837
780,780,12635.00,UPI,2025-06-30 22:46:39.837
781,781,23262.00,Credit Card,2025-06-30 22:46:39.837
782,782,22780.00,Net Banking,2025-06-30 22:46:39.837
783,783,14894.00,Cash,2025-06-30 22:46:39.837
784,784,19780.00,Net Banking,2025-06-30 22:46:39.837
785,785,23942.00,Cash,2025-06-30 22:46:39.837
786,786,14106.00,Cash,2025-06-30 22:46:39.837
787,787,29775.00,UPI,2025-06-30 22:46:39.837
788,788,21746.00,UPI,2025-06-30 22:46:39.837
789,789,19964.00,Cash,2025-06-30 22:46:39.837
790,790,25606.00,Credit Card,2025-06-30 22:46:39.837
791,791,20474.00,Cash,2025-06-30 22:46:39.837
792,792,15257.00,Cash,2025-06-30 22:46:39.837
793,793,27133.00,UPI,2025-06-30 22:46:39.837
794,794,16031.00,UPI,2025-06-30 22:46:39.837
795,795,21722.00,Cash,2025-06-30 22:46:39.837
796,796,29883.00,Net Banking,2025-06-30 22:46:39.837
797,797,22538.00,Credit Card,2025-06-30 22:46:39.837
798,798,26777.00,UPI,2025-06-30 22:46:39.837
799,799,28740.00,UPI,2025-06-30 22:46:39.837
800,800,18454.00,Cash,2025-06-30 22:46:39.837
801,801,17620.00,Cash,2025-06-30 22:46:39.837
802,802,14713.00,Cash,2025-06-30 22:46:39.837
803,803,15375.00,UPI,2025-06-30 22:46:39.837
804,804,13749.00,Credit Card,2025-06-30 22:46:39.837
805,805,10544.00,UPI,2025-06-30 22:46:39.837
806,806,15880.00,Credit Card,2025-06-30 22:46:39.837
807,807,10906.00,Cash,2025-06-30 22:46:39.837
808,808,20193.00,Cash,2025-06-30 22:46:39.837
809,809,15124.00,Credit Card,2025-06-30 22:46:39.837
810,810,29788.00,Cash,2025-06-30 22:46:39.837
811,811,10050.00,Cash,2025-06-30 22:46:39.837
812,812,13603.00,Credit Card,2025-06-30 22:46:39.837
813,813,10646.00,Cash,2025-06-30 22:46:39.837
814,814,14012.00,Cash,2025-06-30 22:46:39.837
815,815,15515.00,Cash,2025-06-30 22:46:39.837
816,816,21249.00,Credit Card,2025-06-30 22:46:39.837
817,817,21720.00,Cash,2025-06-30 22:46:39.837
818,818,29868.00,Cash,2025-06-30 22:46:39.837
819,819,24112.00,Cash,2025-06-30 22:46:39.837
820,820,11211.00,Cash,2025-06-30 22:46:39.837
821,821,12176.00,Net Banking,2025-06-30 22:46:39.837
822,822,21952.00,UPI,2025-06-30 22:46:39.837
823,823,12349.00,Credit Card,2025-06-30 22:46:39.837
824,824,14983.00,UPI,2025-06-30 22:46:39.837
825,825,28480.00,UPI,2025-06-30 22:46:39.837
826,826,27268.00,Credit Card,2025-06-30 22:46:39.837
827,827,13211.00,Cash,2025-06-30 22:46:39.837
828,828,11084.00,Cash,2025-06-30 22:46:39.837
829,829,15999.00,Cash,2025-06-30 22:46:39.837
830,830,19313.00,Cash,2025-06-30 22:46:39.837
831,831,12512.00,UPI,2025-06-30 22:46:39.837
832,832,27808.00,UPI,2025-06-30 22:46:39.837
833,833,19232.00,UPI,2025-06-30 22:46:39.837
834,834,22987.00,Credit Card,2025-06-30 22:46:39.837
835,835,24260.00,Cash,2025-06-30 22:46:39.837
836,836,27539.00,Credit Card,2025-06-30 22:46:39.837
837,837,14282.00,Cash,2025-06-30 22:46:39.837
838,838,18993.00,Credit Card,2025-06-30 22:46:39.837
839,839,11399.00,Cash,2025-06-30 22:46:39.837
840,840,10419.00,UPI,2025-06-30 22:46:39.837
841,841,22181.00,UPI,2025-06-30 22:46:39.837
842,842,14091.00,UPI,2025-06-30 22:46:39.837
843,843,19378.00,Net Banking,2025-06-30 22:46:39.837
844,844,19546.00,Cash,2025-06-30 22:46:39.837
845,845,20838.00,Net Banking,2025-06-30 22:46:39.837
846,846,27059.00,UPI,2025-06-30 22:46:39.837
847,847,14382.00,Cash,2025-06-30 22:46:39.837
848,848,24098.00,Credit Card,2025-06-30 22:46:39.837
849,849,25193.00,Cash,2025-06-30 22:46:39.837
850,850,15708.00,Credit Card,2025-06-30 22:46:39.837
851,851,26277.00,UPI,2025-06-30 22:46:39.837
852,852,21608.00,Credit Card,2025-06-30 22:46:39.837
853,853,29898.00,UPI,2025-06-30 22:46:39.837
854,854,27405.00,Credit Card,2025-06-30 22:46:39.837
855,855,25844.00,Net Banking,2025-06-30 22:46:39.837
856,856,10157.00,UPI,2025-06-30 22:46:39.837
857,857,29218.00,UPI,2025-06-30 22:46:39.837
858,858,25837.00,UPI,2025-06-30 22:46:39.837
859,859,16945.00,Credit Card,2025-06-30 22:46:39.837
860,860,18144.00,UPI,2025-06-30 22:46:39.837
861,861,11810.00,Cash,2025-06-30 22:46:39.837
862,862,26083.00,Credit Card,2025-06-30 22:46:39.837
863,863,15816.00,Net Banking,2025-06-30 22:46:39.837
864,864,22301.00,Credit Card,2025-06-30 22:46:39.837
865,865,11437.00,Cash,2025-06-30 22:46:39.837
866,866,21628.00,UPI,2025-06-30 22:46:39.837
867,867,21874.00,Cash,2025-06-30 22:46:39.837
868,868,15653.00,UPI,2025-06-30 22:46:39.837
869,869,19160.00,Credit Card,2025-06-30 22:46:39.837
870,870,12208.00,Net Banking,2025-06-30 22:46:39.837
871,871,26582.00,UPI,2025-06-30 22:46:39.837
872,872,14384.00,Net Banking,2025-06-30 22:46:39.837
873,873,27540.00,Cash,2025-06-30 22:46:39.837
874,874,11506.00,Cash,2025-06-30 22:46:39.837
875,875,20271.00,Net Banking,2025-06-30 22:46:39.837
876,876,18157.00,UPI,2025-06-30 22:46:39.837
877,877,27250.00,Credit Card,2025-06-30 22:46:39.837
878,878,29852.00,UPI,2025-06-30 22:46:39.837
879,879,27612.00,Cash,2025-06-30 22:46:39.837
880,880,11506.00,Cash,2025-06-30 22:46:39.837
881,881,18818.00,Cash,2025-06-30 22:46:39.837
882,882,29267.00,Cash,2025-06-30 22:46:39.837
883,883,25281.00,UPI,2025-06-30 22:46:39.837
884,884,24950.00,Credit Card,2025-06-30 22:46:39.837
885,885,11962.00,UPI,2025-06-30 22:46:39.837
886,886,25109.00,Cash,2025-06-30 22:46:39.837
887,887,18186.00,Cash,2025-06-30 22:46:39.837
888,888,26252.00,UPI,2025-06-30 22:46:39.837
889,889,28736.00,UPI,2025-06-30 22:46:39.837
890,890,10941.00,Net Banking,2025-06-30 22:46:39.837
891,891,22545.00,Cash,2025-06-30 22:46:39.837
892,892,19180.00,UPI,2025-06-30 22:46:39.837
893,893,16629.00,Net Banking,2025-06-30 22:46:39.837
894,894,23849.00,Net Banking,2025-06-30 22:46:39.837
895,895,18860.00,UPI,2025-06-30 22:46:39.837
896,896,13078.00,Credit Card,2025-06-30 22:46:39.837
897,897,27429.00,Net Banking,2025-06-30 22:46:39.837
898,898,26155.00,Credit Card,2025-06-30 22:46:39.837
899,899,29893.00,Cash,2025-06-30 22:46:39.837
900,900,25890.00,Net Banking,2025-06-30 22:46:39.837
901,901,17504.00,Credit Card,2025-06-30 22:46:39.837
902,902,10584.00,Cash,2025-06-30 22:46:39.837
903,903,16924.00,Cash,2025-06-30 22:46:39.837
904,904,22926.00,Credit Card,2025-06-30 22:46:39.837
905,905,15564.00,Net Banking,2025-06-30 22:46:39.837
906,906,28523.00,UPI,2025-06-30 22:46:39.837
907,907,13670.00,Cash,2025-06-30 22:46:39.837
908,908,13849.00,Credit Card,2025-06-30 22:46:39.837
909,909,29060.00,UPI,2025-06-30 22:46:39.837
910,910,28737.00,Net Banking,2025-06-30 22:46:39.837
911,911,17810.00,Credit Card,2025-06-30 22:46:39.837
912,912,28006.00,Cash,2025-06-30 22:46:39.837
913,913,27319.00,Cash,2025-06-30 22:46:39.837
914,914,21306.00,Cash,2025-06-30 22:46:39.837
915,915,24047.00,Cash,2025-06-30 22:46:39.837
916,916,26011.00,UPI,2025-06-30 22:46:39.837
917,917,22829.00,Credit Card,2025-06-30 22:46:39.837
918,918,23411.00,Cash,2025-06-30 22:46:39.837
919,919,27862.00,UPI,2025-06-30 22:46:39.837
920,920,18336.00,Credit Card,2025-06-30 22:46:39.837
921,921,14467.00,UPI,2025-06-30 22:46:39.837
922,922,27538.00,Cash,2025-06-30 22:46:39.837
923,923,14758.00,Cash,2025-06-30 22:46:39.837
924,924,25300.00,UPI,2025-06-30 22:46:39.837
925,925,29647.00,Credit Card,2025-06-30 22:46:39.837
926,926,21904.00,UPI,2025-06-30 22:46:39.837
927,927,18287.00,Credit Card,2025-06-30 22:46:39.837
928,928,12514.00,Cash,2025-06-30 22:46:39.837
929,929,10614.00,UPI,2025-06-30 22:46:39.837
930,930,16319.00,Credit Card,2025-06-30 22:46:39.837
931,931,21405.00,Credit Card,2025-06-30 22:46:39.837
932,932,28912.00,Cash,2025-06-30 22:46:39.837
933,933,20545.00,Cash,2025-06-30 22:46:39.837
934,934,27517.00,Cash,2025-06-30 22:46:39.837
935,935,29106.00,Credit Card,2025-06-30 22:46:39.837
936,936,21348.00,Net Banking,2025-06-30 22:46:39.837
937,937,11267.00,UPI,2025-06-30 22:46:39.837
938,938,27495.00,Cash,2025-06-30 22:46:39.837
939,939,19567.00,Cash,2025-06-30 22:46:39.837
940,940,11344.00,Cash,2025-06-30 22:46:39.837
941,941,10149.00,UPI,2025-06-30 22:46:39.837
942,942,17563.00,UPI,2025-06-30 22:46:39.837
943,943,15143.00,Cash,2025-06-30 22:46:39.837
944,944,22212.00,Cash,2025-06-30 22:46:39.837
945,945,11280.00,Cash,2025-06-30 22:46:39.837
946,946,20224.00,UPI,2025-06-30 22:46:39.837
947,947,21777.00,Credit Card,2025-06-30 22:46:39.837
948,948,19944.00,UPI,2025-06-30 22:46:39.837
949,949,19108.00,Cash,2025-06-30 22:46:39.837
950,950,27805.00,Credit Card,2025-06-30 22:46:39.837
951,951,19202.00,Cash,2025-06-30 22:46:39.837
952,952,28252.00,Cash,2025-06-30 22:46:39.837
953,953,23606.00,Cash,2025-06-30 22:46:39.837
954,954,17705.00,Cash,2025-06-30 22:46:39.837
955,955,20007.00,Credit Card,2025-06-30 22:46:39.837
956,956,13624.00,Cash,2025-06-30 22:46:39.837
957,957,16545.00,Net Banking,2025-06-30 22:46:39.837
958,958,13626.00,UPI,2025-06-30 22:46:39.837
959,959,27603.00,Cash,2025-06-30 22:46:39.837
960,960,17624.00,UPI,2025-06-30 22:46:39.837
961,961,29328.00,UPI,2025-06-30 22:46:39.837
962,962,16815.00,Cash,2025-06-30 22:46:39.837
963,963,15921.00,UPI,2025-06-30 22:46:39.837
964,964,22526.00,Cash,2025-06-30 22:46:39.837
965,965,13678.00,Cash,2025-06-30 22:46:39.837
966,966,11546.00,Cash,2025-06-30 22:46:39.837
967,967,18476.00,Cash,2025-06-30 22:46:39.837
968,968,23480.00,Cash,2025-06-30 22:46:39.837
969,969,18317.00,Cash,2025-06-30 22:46:39.837
970,970,16965.00,Cash,2025-06-30 22:46:39.837
971,971,17996.00,UPI,2025-06-30 22:46:39.837
972,972,24296.00,Credit Card,2025-06-30 22:46:39.837
973,973,15074.00,Cash,2025-06-30 22:46:39.837
974,974,10356.00,Cash,2025-06-30 22:46:39.837
975,975,29922.00,Cash,2025-06-30 22:46:39.837
976,976,20789.00,Credit Card,2025-06-30 22:46:39.837
977,977,16332.00,Credit Card,2025-06-30 22:46:39.837
978,978,27942.00,Net Banking,2025-06-30 22:46:39.837
979,979,23026.00,Cash,2025-06-30 22:46:39.837
980,980,27317.00,UPI,2025-06-30 22:46:39.837
981,981,28231.00,Cash,2025-06-30 22:46:39.837
982,982,25157.00,Cash,2025-06-30 22:46:39.837
983,983,20742.00,UPI,2025-06-30 22:46:39.837
984,984,20263.00,Cash,2025-06-30 22:46:39.837
985,985,19234.00,Cash,2025-06-30 22:46:39.837
986,986,20145.00,UPI,2025-06-30 22:46:39.837
987,987,16812.00,Cash,2025-06-30 22:46:39.837
988,988,17237.00,Credit Card,2025-06-30 22:46:39.837
989,989,25990.00,UPI,2025-06-30 22:46:39.837
990,990,21408.00,Cash,2025-06-30 22:46:39.837
991,991,12577.00,Cash,2025-06-30 22:46:39.837
992,992,14577.00,UPI,2025-06-30 22:46:39.837
993,993,16292.00,Credit Card,2025-06-30 22:46:39.837
994,994,27177.00,Cash,2025-06-30 22:46:39.837
995,995,21246.00,Cash,2025-06-30 22:46:39.837
996,996,28438.00,Cash,2025-06-30 22:46:39.837
997,997,16261.00,Cash,2025-06-30 22:46:39.837
998,998,21806.00,Cash,2025-06-30 22:46:39.837
999,999,11067.00,Net Banking,2025-06-30 22:46:39.837
1000,1000,10291.00,Cash,2025-06-30 22:46:39.837
